{
  "project_info": {
    "project_number": "541509209734",
    "project_id": "gohealthlyapplication",
    "storage_bucket": "gohealthlyapplication.appspot.com"
  },
  "client": [
    {
      "client_info": {
        "mobilesdk_app_id": "1:541509209734:android:c943b21855c8fa7d0c8b07",
        "android_client_info": {
          "package_name": "com.example.gohealthlyapplication"
        }
      },
      "oauth_client": [
        {
          "client_id": "541509209734-p5n77cspo07fjq4fj91qk2om4chk9l6t.apps.googleusercontent.com",
          "client_type": 3
        }
      ],
      "api_key": [
        {
          "current_key": "AIzaSyDhljDjjoKClYq_cBanvCvZzDg0ckLsr8U"
        }
      ],
      "services": {
        "appinvite_service": {
          "other_platform_oauth_client": [
            {
              "client_id": "541509209734-p5n77cspo07fjq4fj91qk2om4chk9l6t.apps.googleusercontent.com",
              "client_type": 3
            }
          ]
        }
      }
    }
  ],
  "configuration_version": "1"
}